stephenskory@yahoo.com = s@skory.us
"Stephen Skory stephenskory@yahoo.com" = s@skory.us
bear0980@gmail.com = yuan@astro.columbia.edu
juxtaposicion@gmail.com = cemoody@ucsc.edu
chummels@gmail.com = chummels@astro.columbia.edu
jwise@astro.princeton.edu = jwise@physics.gatech.edu
sam.skillman@gmail.com = samskillman@gmail.com
casey@thestarkeffect.com = caseywstark@gmail.com
chiffre = chiffre@posteo.de
Christian Karch = chiffre@posteo.de
atmyers@berkeley.edu = atmyers2@gmail.com
atmyers = atmyers2@gmail.com
drudd = drudd@uchicago.edu
awetzel = andrew.wetzel@yale.edu
David Collins (dcollins4096@gmail.com) = dcollins4096@gmail.com
dcollins4096 = dcollins4096@gmail.com
dcollins@physics.ucsd.edu = dcollins4096@gmail.com
tabel = tabel@slac.stanford.edu
sername=kayleanelson = kaylea.nelson@yale.edu
kayleanelson = kaylea.nelson@yale.edu
jcforbes@ucsc.edu = jforbes@ucolick.org
biondo@wisc.edu = Biondo@wisc.edu
samgeen@googlemail.com = samgeen@gmail.com
fbogert = fbogert@ucsc.edu
bwoshea = oshea@msu.edu
mornkr@slac.stanford.edu = me@jihoonkim.org
kbarrow = kssbarrow@gatech.edu
kssbarrow@gmail.com = kssbarrow@gatech.edu
kassbarrow@gmail.com = kssbarrow@gatech.edu
antoine.strugarek@cea.fr = strugarek@astro.umontreal.ca
rosen@ucolick.org = alrosen@ucsc.edu
jzuhone = jzuhone@gmail.com
karraki@nmsu.edu = karraki@gmail.com
hckr@eml.cc = astrohckr@gmail.com
julian3@illinois.edu = astrohckr@gmail.com
aj@hckr.eml.cc = astrohckr@gmail.com
cosmosquark = bthompson2090@gmail.com
chris.m.malone@lanl.gov = chris.m.malone@gmail.com
jnaiman@ucolick.org = jnaiman@cfa.harvard.edu
jnaiman = jnaiman@cfa.harvard.edu
migueld.deval = miguel.deval@gmail.com
miguel@archlinux.net = miguel.deval@gmail.com
slevy@ncsa.illinois.edu = salevy@illinois.edu
malzraa@gmail.com = kellerbw@mcmaster.ca
None = convert-repo
dfenn = df11c@my.fsu.edu
langmm = langmm.astro@gmail.com
jmt354 = jmtomlinson95@gmail.com
desika = dnarayan@haverford.edu
Ben Thompson = bthompson2090@gmail.com
goldbaum@ucolick.org = ngoldbau@illinois.edu
ngoldbau@ucsc.edu = ngoldbau@illinois.edu
NTAuthority@honeypot.fritz.box = anokfireball@poseto.de
NTAuthority@guest053.fz-rossendorf.de = anokfireball@poseto.de
NTAuthority@guest692.fz-rossendorf.de = anokfireball@poseto.de
Fabian Koller = anokfireball@poseto.de
Rafael Ruggiero = rafael.ruggiero@usp.br
john.regan@helsinki.fi = john.a.regan@durham.ac.uk
code@andre-bubel.de = a.huebl@hzdr.de
